"date","tm_home","tm_away","pts_away","pts_home","season"
2016-10-25,"Cleveland Cavaliers","New York Knicks",88,117,2017
2016-10-25,"Golden State Warriors","San Antonio Spurs",129,100,2017
2016-10-25,"Portland Trail Blazers","Utah Jazz",104,113,2017
2016-10-26,"Boston Celtics","Brooklyn Nets",117,122,2017
2016-10-26,"Indiana Pacers","Dallas Mavericks",121,130,2017
2016-10-26,"Los Angeles Lakers","Houston Rockets",114,120,2017
2016-10-26,"Memphis Grizzlies","Minnesota Timberwolves",98,102,2017
2016-10-26,"Milwaukee Bucks","Charlotte Hornets",107,96,2017
2016-10-26,"New Orleans Pelicans","Denver Nuggets",107,102,2017
2016-10-26,"Orlando Magic","Miami Heat",108,96,2017
2016-10-26,"Philadelphia 76ers","Oklahoma City Thunder",103,97,2017
2016-10-26,"Phoenix Suns","Sacramento Kings",113,94,2017
2016-10-26,"Toronto Raptors","Detroit Pistons",91,109,2017
2016-10-27,"Atlanta Hawks","Washington Wizards",99,114,2017
2016-10-27,"Chicago Bulls","Boston Celtics",99,105,2017
2016-10-27,"Portland Trail Blazers","Los Angeles Clippers",114,106,2017
2016-10-27,"Sacramento Kings","San Antonio Spurs",102,94,2017
2016-10-28,"Brooklyn Nets","Indiana Pacers",94,103,2017
2016-10-28,"Dallas Mavericks","Houston Rockets",106,98,2017
2016-10-28,"Detroit Pistons","Orlando Magic",82,108,2017
2016-10-28,"Miami Heat","Charlotte Hornets",97,91,2017
2016-10-28,"New Orleans Pelicans","Golden State Warriors",122,114,2017
2016-10-28,"Oklahoma City Thunder","Phoenix Suns",110,113,2017
2016-10-28,"Toronto Raptors","Cleveland Cavaliers",94,91,2017
2016-10-28,"Utah Jazz","Los Angeles Lakers",89,96,2017
2016-10-29,"Chicago Bulls","Indiana Pacers",101,118,2017
2016-10-29,"Charlotte Hornets","Boston Celtics",104,98,2017
2016-10-29,"Cleveland Cavaliers","Orlando Magic",99,105,2017
2016-10-29,"Denver Nuggets","Portland Trail Blazers",115,113,2017
2016-10-29,"Milwaukee Bucks","Brooklyn Nets",108,110,2017
2016-10-29,"New York Knicks","Memphis Grizzlies",104,111,2017
2016-10-29,"Philadelphia 76ers","Atlanta Hawks",104,72,2017
2016-10-29,"Sacramento Kings","Minnesota Timberwolves",103,106,2017
2016-10-29,"San Antonio Spurs","New Orleans Pelicans",79,98,2017
2016-10-30,"Detroit Pistons","Milwaukee Bucks",83,98,2017
2016-10-30,"Houston Rockets","Dallas Mavericks",92,93,2017
2016-10-30,"Los Angeles Clippers","Utah Jazz",75,88,2017
2016-10-30,"Memphis Grizzlies","Washington Wizards",103,112,2017
2016-10-30,"Miami Heat","San Antonio Spurs",106,99,2017
2016-10-30,"Oklahoma City Thunder","Los Angeles Lakers",96,113,2017
2016-10-30,"Phoenix Suns","Golden State Warriors",106,100,2017
2016-10-31,"Atlanta Hawks","Sacramento Kings",95,106,2017
2016-10-31,"Brooklyn Nets","Chicago Bulls",118,88,2017
2016-10-31,"Los Angeles Clippers","Phoenix Suns",98,116,2017
2016-10-31,"Toronto Raptors","Denver Nuggets",102,105,2017
2016-11-01,"Cleveland Cavaliers","Houston Rockets",120,128,2017
2016-11-01,"Detroit Pistons","New York Knicks",89,102,2017
2016-11-01,"Indiana Pacers","Los Angeles Lakers",108,115,2017
2016-11-01,"Miami Heat","Sacramento Kings",96,108,2017
2016-11-01,"Minnesota Timberwolves","Memphis Grizzlies",80,116,2017
2016-11-01,"New Orleans Pelicans","Milwaukee Bucks",117,113,2017
2016-11-01,"Philadelphia 76ers","Orlando Magic",103,101,2017
2016-11-01,"Portland Trail Blazers","Golden State Warriors",127,104,2017
2016-11-01,"San Antonio Spurs","Utah Jazz",106,91,2017
2016-11-02,"Atlanta Hawks","Los Angeles Lakers",123,116,2017
2016-11-02,"Boston Celtics","Chicago Bulls",100,107,2017
2016-11-02,"Brooklyn Nets","Detroit Pistons",101,109,2017
2016-11-02,"Charlotte Hornets","Philadelphia 76ers",93,109,2017
2016-11-02,"Los Angeles Clippers","Oklahoma City Thunder",85,83,2017
2016-11-02,"Memphis Grizzlies","New Orleans Pelicans",83,89,2017
2016-11-02,"New York Knicks","Houston Rockets",118,99,2017
2016-11-02,"Phoenix Suns","Portland Trail Blazers",115,118,2017
2016-11-02,"Utah Jazz","Dallas Mavericks",81,97,2017
2016-11-02,"Washington Wizards","Toronto Raptors",113,103,2017
2016-11-03,"Cleveland Cavaliers","Boston Celtics",122,128,2017
2016-11-03,"Golden State Warriors","Oklahoma City Thunder",96,122,2017
2016-11-03,"Milwaukee Bucks","Indiana Pacers",107,125,2017
2016-11-03,"Minnesota Timberwolves","Denver Nuggets",102,99,2017
2016-11-03,"Orlando Magic","Sacramento Kings",94,102,2017
2016-11-04,"Brooklyn Nets","Charlotte Hornets",99,95,2017
2016-11-04,"Chicago Bulls","New York Knicks",117,104,2017
2016-11-04,"Dallas Mavericks","Portland Trail Blazers",105,95,2017
2016-11-04,"Los Angeles Lakers","Golden State Warriors",97,117,2017
2016-11-04,"Memphis Grizzlies","Los Angeles Clippers",99,88,2017
2016-11-04,"New Orleans Pelicans","Phoenix Suns",112,111,2017
2016-11-04,"Toronto Raptors","Miami Heat",87,96,2017
2016-11-04,"Utah Jazz","San Antonio Spurs",100,86,2017
2016-11-04,"Washington Wizards","Atlanta Hawks",92,95,2017
2016-11-05,"Atlanta Hawks","Houston Rockets",97,112,2017
2016-11-05,"Detroit Pistons","Denver Nuggets",86,103,2017
2016-11-05,"Indiana Pacers","Chicago Bulls",94,111,2017
2016-11-05,"Milwaukee Bucks","Sacramento Kings",91,117,2017
2016-11-05,"Oklahoma City Thunder","Minnesota Timberwolves",92,112,2017
2016-11-05,"Orlando Magic","Washington Wizards",86,88,2017
2016-11-05,"Philadelphia 76ers","Cleveland Cavaliers",102,101,2017
2016-11-05,"San Antonio Spurs","Los Angeles Clippers",116,92,2017
2016-11-06,"Boston Celtics","Denver Nuggets",123,107,2017
2016-11-06,"Dallas Mavericks","Milwaukee Bucks",75,86,2017
2016-11-06,"Los Angeles Lakers","Phoenix Suns",108,119,2017
2016-11-06,"Memphis Grizzlies","Portland Trail Blazers",100,94,2017
2016-11-06,"New York Knicks","Utah Jazz",114,109,2017
2016-11-06,"Toronto Raptors","Sacramento Kings",96,91,2017
2016-11-07,"Chicago Bulls","Orlando Magic",80,112,2017
2016-11-07,"Charlotte Hornets","Indiana Pacers",100,122,2017
2016-11-07,"Golden State Warriors","New Orleans Pelicans",106,116,2017
2016-11-07,"Los Angeles Clippers","Detroit Pistons",82,114,2017
2016-11-07,"Oklahoma City Thunder","Miami Heat",85,97,2017
2016-11-07,"Philadelphia 76ers","Utah Jazz",109,84,2017
2016-11-07,"Washington Wizards","Houston Rockets",114,106,2017
2016-11-08,"Brooklyn Nets","Minnesota Timberwolves",110,119,2017
2016-11-08,"Cleveland Cavaliers","Atlanta Hawks",110,106,2017
2016-11-08,"Los Angeles Lakers","Dallas Mavericks",109,97,2017
2016-11-08,"Memphis Grizzlies","Denver Nuggets",107,108,2017
2016-11-08,"Portland Trail Blazers","Phoenix Suns",121,124,2017
2016-11-08,"Sacramento Kings","New Orleans Pelicans",94,102,2017
2016-11-09,"Atlanta Hawks","Chicago Bulls",107,115,2017
2016-11-09,"Charlotte Hornets","Utah Jazz",98,104,2017
2016-11-09,"Golden State Warriors","Dallas Mavericks",95,116,2017
2016-11-09,"Indiana Pacers","Philadelphia 76ers",115,122,2017
2016-11-09,"Los Angeles Clippers","Portland Trail Blazers",80,111,2017
2016-11-09,"New York Knicks","Brooklyn Nets",96,110,2017
2016-11-09,"Oklahoma City Thunder","Toronto Raptors",112,102,2017
2016-11-09,"Orlando Magic","Minnesota Timberwolves",123,107,2017
2016-11-09,"Phoenix Suns","Detroit Pistons",100,107,2017
2016-11-09,"San Antonio Spurs","Houston Rockets",101,99,2017
2016-11-09,"Washington Wizards","Boston Celtics",93,118,2017
2016-11-10,"Denver Nuggets","Golden State Warriors",125,101,2017
2016-11-10,"Miami Heat","Chicago Bulls",98,95,2017
2016-11-10,"Milwaukee Bucks","New Orleans Pelicans",112,106,2017
2016-11-10,"Sacramento Kings","Los Angeles Lakers",101,91,2017
2016-11-11,"Boston Celtics","New York Knicks",87,115,2017
2016-11-11,"Charlotte Hornets","Toronto Raptors",113,111,2017
2016-11-11,"Oklahoma City Thunder","Los Angeles Clippers",110,108,2017
2016-11-11,"Orlando Magic","Utah Jazz",87,74,2017
2016-11-11,"Philadelphia 76ers","Indiana Pacers",105,109,2017
2016-11-11,"Portland Trail Blazers","Sacramento Kings",120,122,2017
2016-11-11,"San Antonio Spurs","Detroit Pistons",86,96,2017
2016-11-11,"Washington Wizards","Cleveland Cavaliers",105,94,2017
2016-11-12,"Atlanta Hawks","Philadelphia 76ers",96,117,2017
2016-11-12,"Chicago Bulls","Washington Wizards",95,106,2017
2016-11-12,"Denver Nuggets","Detroit Pistons",106,95,2017
2016-11-12,"Houston Rockets","San Antonio Spurs",106,100,2017
2016-11-12,"Indiana Pacers","Boston Celtics",105,99,2017
2016-11-12,"Miami Heat","Utah Jazz",102,91,2017
2016-11-12,"Milwaukee Bucks","Memphis Grizzlies",96,106,2017
2016-11-12,"Minnesota Timberwolves","Los Angeles Clippers",119,105,2017
2016-11-12,"New Orleans Pelicans","Los Angeles Lakers",126,99,2017
2016-11-12,"Phoenix Suns","Brooklyn Nets",122,104,2017
2016-11-12,"Toronto Raptors","New York Knicks",107,118,2017
2016-11-13,"Cleveland Cavaliers","Charlotte Hornets",93,100,2017
2016-11-13,"Golden State Warriors","Phoenix Suns",120,133,2017
2016-11-13,"Minnesota Timberwolves","Los Angeles Lakers",99,125,2017
2016-11-13,"Oklahoma City Thunder","Orlando Magic",119,117,2017
2016-11-13,"Portland Trail Blazers","Denver Nuggets",105,112,2017
2016-11-14,"Detroit Pistons","Oklahoma City Thunder",88,104,2017
2016-11-14,"Houston Rockets","Philadelphia 76ers",88,115,2017
2016-11-14,"Indiana Pacers","Orlando Magic",69,88,2017
2016-11-14,"Los Angeles Clippers","Brooklyn Nets",95,127,2017
2016-11-14,"New Orleans Pelicans","Boston Celtics",105,106,2017
2016-11-14,"New York Knicks","Dallas Mavericks",77,93,2017
2016-11-14,"San Antonio Spurs","Miami Heat",90,94,2017
2016-11-14,"Utah Jazz","Memphis Grizzlies",102,96,2017
2016-11-15,"Cleveland Cavaliers","Toronto Raptors",117,121,2017
2016-11-15,"Los Angeles Lakers","Brooklyn Nets",118,125,2017
2016-11-15,"Miami Heat","Atlanta Hawks",93,90,2017
2016-11-15,"Minnesota Timberwolves","Charlotte Hornets",115,108,2017
2016-11-15,"Portland Trail Blazers","Chicago Bulls",113,88,2017
2016-11-16,"Atlanta Hawks","Milwaukee Bucks",100,107,2017
2016-11-16,"Boston Celtics","Dallas Mavericks",83,90,2017
2016-11-16,"Denver Nuggets","Phoenix Suns",104,120,2017
2016-11-16,"Indiana Pacers","Cleveland Cavaliers",93,103,2017
2016-11-16,"Los Angeles Clippers","Memphis Grizzlies",111,107,2017
2016-11-16,"New York Knicks","Detroit Pistons",102,105,2017
2016-11-16,"Oklahoma City Thunder","Houston Rockets",103,105,2017
2016-11-16,"Orlando Magic","New Orleans Pelicans",82,89,2017
2016-11-16,"Philadelphia 76ers","Washington Wizards",102,109,2017
2016-11-16,"Sacramento Kings","San Antonio Spurs",110,105,2017
2016-11-16,"Toronto Raptors","Golden State Warriors",127,121,2017
2016-11-17,"Houston Rockets","Portland Trail Blazers",109,126,2017
2016-11-17,"Miami Heat","Milwaukee Bucks",73,96,2017
2016-11-17,"Minnesota Timberwolves","Philadelphia 76ers",86,110,2017
2016-11-17,"Utah Jazz","Chicago Bulls",85,77,2017
2016-11-17,"Washington Wizards","New York Knicks",112,119,2017
2016-11-18,"Boston Celtics","Golden State Warriors",104,88,2017
2016-11-18,"Charlotte Hornets","Atlanta Hawks",96,100,2017
2016-11-18,"Cleveland Cavaliers","Detroit Pistons",81,104,2017
2016-11-18,"Dallas Mavericks","Memphis Grizzlies",80,64,2017
2016-11-18,"Denver Nuggets","Toronto Raptors",113,111,2017
2016-11-18,"Indiana Pacers","Phoenix Suns",116,96,2017
2016-11-18,"Los Angeles Lakers","San Antonio Spurs",116,107,2017
2016-11-18,"New Orleans Pelicans","Portland Trail Blazers",101,113,2017
2016-11-18,"Oklahoma City Thunder","Brooklyn Nets",105,124,2017
2016-11-18,"Sacramento Kings","Los Angeles Clippers",121,115,2017
2016-11-19,"Detroit Pistons","Boston Celtics",94,92,2017
2016-11-19,"Houston Rockets","Utah Jazz",102,111,2017
2016-11-19,"Los Angeles Clippers","Chicago Bulls",95,102,2017
2016-11-19,"Memphis Grizzlies","Minnesota Timberwolves",71,93,2017
2016-11-19,"Milwaukee Bucks","Golden State Warriors",124,121,2017
2016-11-19,"New Orleans Pelicans","Charlotte Hornets",116,121,2017
2016-11-19,"Orlando Magic","Dallas Mavericks",87,95,2017
2016-11-19,"Philadelphia 76ers","Phoenix Suns",105,120,2017
2016-11-19,"Washington Wizards","Miami Heat",114,111,2017
2016-11-20,"Brooklyn Nets","Portland Trail Blazers",129,109,2017
2016-11-20,"Denver Nuggets","Utah Jazz",91,105,2017
2016-11-20,"Los Angeles Lakers","Chicago Bulls",118,110,2017
2016-11-20,"New York Knicks","Atlanta Hawks",94,104,2017
2016-11-20,"Oklahoma City Thunder","Indiana Pacers",115,111,2017
2016-11-20,"Sacramento Kings","Toronto Raptors",99,102,2017
2016-11-21,"Charlotte Hornets","Memphis Grizzlies",105,90,2017
2016-11-21,"Detroit Pistons","Houston Rockets",99,96,2017
2016-11-21,"Indiana Pacers","Golden State Warriors",120,83,2017
2016-11-21,"Los Angeles Clippers","Toronto Raptors",115,123,2017
2016-11-21,"Milwaukee Bucks","Orlando Magic",89,93,2017
2016-11-21,"Minnesota Timberwolves","Boston Celtics",99,93,2017
2016-11-21,"Philadelphia 76ers","Miami Heat",94,101,2017
2016-11-21,"San Antonio Spurs","Dallas Mavericks",91,96,2017
2016-11-21,"Washington Wizards","Phoenix Suns",101,106,2017
2016-11-22,"Atlanta Hawks","New Orleans Pelicans",112,94,2017
2016-11-22,"Denver Nuggets","Chicago Bulls",107,110,2017
2016-11-22,"Los Angeles Lakers","Oklahoma City Thunder",109,111,2017
2016-11-22,"New York Knicks","Portland Trail Blazers",103,107,2017
2016-11-23,"Brooklyn Nets","Boston Celtics",111,92,2017
2016-11-23,"Charlotte Hornets","San Antonio Spurs",119,114,2017
2016-11-23,"Cleveland Cavaliers","Portland Trail Blazers",125,137,2017
2016-11-23,"Dallas Mavericks","Los Angeles Clippers",124,104,2017
2016-11-23,"Detroit Pistons","Miami Heat",84,107,2017
2016-11-23,"Golden State Warriors","Los Angeles Lakers",106,149,2017
2016-11-23,"Houston Rockets","Toronto Raptors",115,102,2017
2016-11-23,"Indiana Pacers","Atlanta Hawks",96,85,2017
2016-11-23,"New Orleans Pelicans","Minnesota Timberwolves",96,117,2017
2016-11-23,"Orlando Magic","Phoenix Suns",92,87,2017
2016-11-23,"Philadelphia 76ers","Memphis Grizzlies",104,99,2017
2016-11-23,"Sacramento Kings","Oklahoma City Thunder",101,116,2017
2016-11-23,"Utah Jazz","Denver Nuggets",83,108,2017
2016-11-25,"Boston Celtics","San Antonio Spurs",109,103,2017
2016-11-25,"Cleveland Cavaliers","Dallas Mavericks",90,128,2017
2016-11-25,"Denver Nuggets","Oklahoma City Thunder",132,129,2017
2016-11-25,"Detroit Pistons","Los Angeles Clippers",97,108,2017
2016-11-25,"Indiana Pacers","Brooklyn Nets",97,118,2017
2016-11-25,"Los Angeles Lakers","Golden State Warriors",109,85,2017
2016-11-25,"Memphis Grizzlies","Miami Heat",90,81,2017
2016-11-25,"Milwaukee Bucks","Toronto Raptors",105,99,2017
2016-11-25,"New York Knicks","Charlotte Hornets",111,113,2017
2016-11-25,"Orlando Magic","Washington Wizards",94,91,2017
2016-11-25,"Philadelphia 76ers","Chicago Bulls",105,89,2017
2016-11-25,"Phoenix Suns","Minnesota Timberwolves",98,85,2017
2016-11-25,"Portland Trail Blazers","New Orleans Pelicans",104,119,2017
2016-11-25,"Sacramento Kings","Houston Rockets",117,104,2017
2016-11-25,"Utah Jazz","Atlanta Hawks",68,95,2017
2016-11-26,"Charlotte Hornets","New York Knicks",102,107,2017
2016-11-26,"Golden State Warriors","Minnesota Timberwolves",102,115,2017
2016-11-26,"Miami Heat","Memphis Grizzlies",110,107,2017
2016-11-26,"Oklahoma City Thunder","Detroit Pistons",88,106,2017
2016-11-26,"Washington Wizards","San Antonio Spurs",112,100,2017
2016-11-27,"Brooklyn Nets","Sacramento Kings",122,105,2017
2016-11-27,"Dallas Mavericks","New Orleans Pelicans",81,91,2017
2016-11-27,"Indiana Pacers","Los Angeles Clippers",70,91,2017
2016-11-27,"Los Angeles Lakers","Atlanta Hawks",94,109,2017
2016-11-27,"Orlando Magic","Milwaukee Bucks",104,96,2017
2016-11-27,"Philadelphia 76ers","Cleveland Cavaliers",112,108,2017
2016-11-27,"Phoenix Suns","Denver Nuggets",120,114,2017
2016-11-27,"Portland Trail Blazers","Houston Rockets",130,114,2017
2016-11-28,"Golden State Warriors","Atlanta Hawks",100,105,2017
2016-11-28,"Memphis Grizzlies","Charlotte Hornets",104,85,2017
2016-11-28,"Miami Heat","Boston Celtics",112,104,2017
2016-11-28,"Minnesota Timberwolves","Utah Jazz",112,103,2017
2016-11-28,"New York Knicks","Oklahoma City Thunder",112,103,2017
2016-11-28,"Toronto Raptors","Philadelphia 76ers",95,122,2017
2016-11-28,"Washington Wizards","Sacramento Kings",95,101,2017
2016-11-29,"Brooklyn Nets","Los Angeles Clippers",122,127,2017
2016-11-29,"Charlotte Hornets","Detroit Pistons",112,89,2017
2016-11-29,"Milwaukee Bucks","Cleveland Cavaliers",101,118,2017
2016-11-29,"New Orleans Pelicans","Los Angeles Lakers",88,105,2017
2016-11-29,"San Antonio Spurs","Orlando Magic",95,83,2017
2016-11-29,"Utah Jazz","Houston Rockets",101,120,2017
2016-11-30,"Boston Celtics","Detroit Pistons",121,114,2017
2016-11-30,"Chicago Bulls","Los Angeles Lakers",96,90,2017
2016-11-30,"Dallas Mavericks","San Antonio Spurs",94,87,2017
2016-11-30,"Denver Nuggets","Miami Heat",106,98,2017
2016-11-30,"Minnesota Timberwolves","New York Knicks",106,104,2017
2016-11-30,"Oklahoma City Thunder","Washington Wizards",115,126,2017
2016-11-30,"Phoenix Suns","Atlanta Hawks",107,109,2017
2016-11-30,"Portland Trail Blazers","Indiana Pacers",109,131,2017
2016-11-30,"Toronto Raptors","Memphis Grizzlies",105,120,2017
2016-12-01,"Brooklyn Nets","Milwaukee Bucks",111,93,2017
2016-12-01,"Charlotte Hornets","Dallas Mavericks",87,97,2017
2016-12-01,"Cleveland Cavaliers","Los Angeles Clippers",113,94,2017
2016-12-01,"Golden State Warriors","Houston Rockets",132,127,2017
2016-12-01,"Memphis Grizzlies","Orlando Magic",94,95,2017
2016-12-01,"Utah Jazz","Miami Heat",111,110,2017
2016-12-02,"Atlanta Hawks","Detroit Pistons",121,85,2017
2016-12-02,"Boston Celtics","Sacramento Kings",92,97,2017
2016-12-02,"Chicago Bulls","Cleveland Cavaliers",105,111,2017
2016-12-02,"Denver Nuggets","Houston Rockets",128,110,2017
2016-12-02,"New Orleans Pelicans","Los Angeles Clippers",114,96,2017
2016-12-02,"New York Knicks","Minnesota Timberwolves",114,118,2017
2016-12-02,"Philadelphia 76ers","Orlando Magic",105,88,2017
2016-12-02,"San Antonio Spurs","Washington Wizards",105,107,2017
2016-12-02,"Toronto Raptors","Los Angeles Lakers",80,113,2017
2016-12-03,"Charlotte Hornets","Minnesota Timberwolves",125,120,2017
2016-12-03,"Dallas Mavericks","Chicago Bulls",82,107,2017
2016-12-03,"Golden State Warriors","Phoenix Suns",109,138,2017
2016-12-03,"Memphis Grizzlies","Los Angeles Lakers",100,103,2017
2016-12-03,"Milwaukee Bucks","Brooklyn Nets",103,112,2017
2016-12-03,"Philadelphia 76ers","Boston Celtics",107,106,2017
2016-12-03,"Portland Trail Blazers","Miami Heat",92,99,2017
2016-12-03,"Toronto Raptors","Atlanta Hawks",84,128,2017
2016-12-03,"Utah Jazz","Denver Nuggets",98,105,2017
2016-12-04,"Detroit Pistons","Orlando Magic",98,92,2017
2016-12-04,"Los Angeles Clippers","Indiana Pacers",111,102,2017
2016-12-04,"New York Knicks","Sacramento Kings",98,106,2017
2016-12-04,"Oklahoma City Thunder","New Orleans Pelicans",92,101,2017
2016-12-05,"Atlanta Hawks","Oklahoma City Thunder",102,99,2017
2016-12-05,"Brooklyn Nets","Washington Wizards",118,113,2017
2016-12-05,"Chicago Bulls","Portland Trail Blazers",112,110,2017
2016-12-05,"Dallas Mavericks","Charlotte Hornets",109,101,2017
2016-12-05,"Golden State Warriors","Indiana Pacers",106,142,2017
2016-12-05,"Houston Rockets","Boston Celtics",106,107,2017
2016-12-05,"Los Angeles Lakers","Utah Jazz",107,101,2017
2016-12-05,"Milwaukee Bucks","San Antonio Spurs",97,96,2017
2016-12-05,"New Orleans Pelicans","Memphis Grizzlies",110,108,2017
2016-12-05,"Philadelphia 76ers","Denver Nuggets",106,98,2017
2016-12-05,"Toronto Raptors","Cleveland Cavaliers",116,112,2017
2016-12-06,"Detroit Pistons","Chicago Bulls",91,102,2017
2016-12-06,"Memphis Grizzlies","Philadelphia 76ers",91,96,2017
2016-12-06,"Miami Heat","New York Knicks",114,103,2017
2016-12-06,"Minnesota Timberwolves","San Antonio Spurs",105,91,2017
2016-12-06,"Utah Jazz","Phoenix Suns",105,112,2017
2016-12-06,"Washington Wizards","Orlando Magic",124,116,2017
2016-12-07,"Atlanta Hawks","Miami Heat",95,103,2017
2016-12-07,"Brooklyn Nets","Denver Nuggets",111,116,2017
2016-12-07,"Charlotte Hornets","Detroit Pistons",77,87,2017
2016-12-07,"Dallas Mavericks","Sacramento Kings",120,89,2017
2016-12-07,"Houston Rockets","Los Angeles Lakers",95,134,2017
2016-12-07,"Los Angeles Clippers","Golden State Warriors",115,98,2017
2016-12-07,"Milwaukee Bucks","Portland Trail Blazers",107,115,2017
2016-12-07,"New York Knicks","Cleveland Cavaliers",126,94,2017
2016-12-07,"Orlando Magic","Boston Celtics",117,87,2017
2016-12-07,"Phoenix Suns","Indiana Pacers",109,94,2017
2016-12-08,"Chicago Bulls","San Antonio Spurs",91,95,2017
2016-12-08,"Memphis Grizzlies","Portland Trail Blazers",86,88,2017
2016-12-08,"New Orleans Pelicans","Philadelphia 76ers",99,88,2017
2016-12-08,"Toronto Raptors","Minnesota Timberwolves",110,124,2017
2016-12-08,"Utah Jazz","Golden State Warriors",106,99,2017
2016-12-08,"Washington Wizards","Denver Nuggets",85,92,2017
2016-12-09,"Boston Celtics","Toronto Raptors",101,94,2017
2016-12-09,"Charlotte Hornets","Orlando Magic",88,109,2017
2016-12-09,"Cleveland Cavaliers","Miami Heat",84,114,2017
2016-12-09,"Dallas Mavericks","Indiana Pacers",103,111,2017
2016-12-09,"Los Angeles Lakers","Phoenix Suns",119,115,2017
2016-12-09,"Milwaukee Bucks","Atlanta Hawks",114,110,2017
2016-12-09,"Minnesota Timberwolves","Detroit Pistons",117,90,2017
2016-12-09,"Oklahoma City Thunder","Houston Rockets",102,99,2017
2016-12-09,"Sacramento Kings","New York Knicks",103,100,2017
2016-12-10,"Chicago Bulls","Miami Heat",100,105,2017
2016-12-10,"Cleveland Cavaliers","Charlotte Hornets",105,116,2017
2016-12-10,"Houston Rockets","Dallas Mavericks",87,109,2017
2016-12-10,"Indiana Pacers","Portland Trail Blazers",111,118,2017
2016-12-10,"Los Angeles Clippers","New Orleans Pelicans",105,133,2017
2016-12-10,"Memphis Grizzlies","Golden State Warriors",89,110,2017
2016-12-10,"Orlando Magic","Denver Nuggets",121,113,2017
2016-12-10,"San Antonio Spurs","Brooklyn Nets",101,130,2017
2016-12-10,"Utah Jazz","Sacramento Kings",84,104,2017
2016-12-10,"Washington Wizards","Milwaukee Bucks",105,110,2017
2016-12-11,"Detroit Pistons","Philadelphia 76ers",97,79,2017
2016-12-11,"Los Angeles Lakers","New York Knicks",118,112,2017
2016-12-11,"Minnesota Timberwolves","Golden State Warriors",116,108,2017
2016-12-11,"Oklahoma City Thunder","Boston Celtics",96,99,2017
2016-12-11,"Phoenix Suns","New Orleans Pelicans",120,119,2017
2016-12-12,"Dallas Mavericks","Denver Nuggets",92,112,2017
2016-12-12,"Houston Rockets","Brooklyn Nets",118,122,2017
2016-12-12,"Indiana Pacers","Charlotte Hornets",94,110,2017
2016-12-12,"Los Angeles Clippers","Portland Trail Blazers",120,121,2017
2016-12-12,"Miami Heat","Washington Wizards",101,112,2017
2016-12-12,"Sacramento Kings","Los Angeles Lakers",92,116,2017
2016-12-12,"Toronto Raptors","Milwaukee Bucks",100,122,2017
2016-12-13,"Atlanta Hawks","Orlando Magic",131,120,2017
2016-12-13,"Chicago Bulls","Minnesota Timberwolves",99,94,2017
2016-12-13,"Cleveland Cavaliers","Memphis Grizzlies",86,103,2017
2016-12-13,"New Orleans Pelicans","Golden State Warriors",113,109,2017
2016-12-13,"Phoenix Suns","New York Knicks",111,113,2017
2016-12-13,"Portland Trail Blazers","Oklahoma City Thunder",95,114,2017
2016-12-14,"Brooklyn Nets","Los Angeles Lakers",97,107,2017
2016-12-14,"Dallas Mavericks","Detroit Pistons",95,85,2017
2016-12-14,"Houston Rockets","Sacramento Kings",98,132,2017
2016-12-14,"Memphis Grizzlies","Cleveland Cavaliers",85,93,2017
2016-12-14,"Miami Heat","Indiana Pacers",89,95,2017
2016-12-14,"Orlando Magic","Los Angeles Clippers",113,108,2017
2016-12-14,"Philadelphia 76ers","Toronto Raptors",123,114,2017
2016-12-14,"San Antonio Spurs","Boston Celtics",101,108,2017
2016-12-14,"Utah Jazz","Oklahoma City Thunder",89,109,2017
2016-12-14,"Washington Wizards","Charlotte Hornets",106,109,2017
2016-12-15,"Denver Nuggets","Portland Trail Blazers",120,132,2017
2016-12-15,"Golden State Warriors","New York Knicks",90,103,2017
2016-12-15,"Milwaukee Bucks","Chicago Bulls",97,108,2017
2016-12-15,"New Orleans Pelicans","Indiana Pacers",95,102,2017
2016-12-15,"Phoenix Suns","San Antonio Spurs",107,92,2017
2016-12-16,"Boston Celtics","Charlotte Hornets",88,96,2017
2016-12-16,"Chicago Bulls","Milwaukee Bucks",95,69,2017
2016-12-16,"Houston Rockets","New Orleans Pelicans",100,122,2017
2016-12-16,"Memphis Grizzlies","Sacramento Kings",96,92,2017
2016-12-16,"Miami Heat","Los Angeles Clippers",102,98,2017
2016-12-16,"Orlando Magic","Brooklyn Nets",111,118,2017
2016-12-16,"Philadelphia 76ers","Los Angeles Lakers",100,89,2017
2016-12-16,"Toronto Raptors","Atlanta Hawks",125,121,2017
2016-12-16,"Utah Jazz","Dallas Mavericks",100,103,2017
2016-12-16,"Washington Wizards","Detroit Pistons",108,122,2017
2016-12-17,"Atlanta Hawks","Charlotte Hornets",107,99,2017
2016-12-17,"Cleveland Cavaliers","Los Angeles Lakers",108,119,2017
2016-12-17,"Denver Nuggets","New York Knicks",114,127,2017
2016-12-17,"Detroit Pistons","Indiana Pacers",105,90,2017
2016-12-17,"Golden State Warriors","Portland Trail Blazers",90,135,2017
2016-12-17,"Minnesota Timberwolves","Houston Rockets",111,109,2017
2016-12-17,"Oklahoma City Thunder","Phoenix Suns",101,114,2017
2016-12-18,"Dallas Mavericks","Sacramento Kings",79,99,2017
2016-12-18,"Memphis Grizzlies","Utah Jazz",82,73,2017
2016-12-18,"Miami Heat","Boston Celtics",105,95,2017
2016-12-18,"Orlando Magic","Toronto Raptors",109,79,2017
2016-12-18,"Philadelphia 76ers","Brooklyn Nets",107,108,2017
2016-12-18,"San Antonio Spurs","New Orleans Pelicans",100,113,2017
2016-12-18,"Washington Wizards","Los Angeles Clippers",110,117,2017
2016-12-19,"Chicago Bulls","Detroit Pistons",82,113,2017
2016-12-19,"Denver Nuggets","Dallas Mavericks",107,117,2017
2016-12-19,"Indiana Pacers","Washington Wizards",105,107,2017
2016-12-19,"Minnesota Timberwolves","Phoenix Suns",108,115,2017
2016-12-19,"Oklahoma City Thunder","Atlanta Hawks",110,108,2017
2016-12-20,"Charlotte Hornets","Los Angeles Lakers",113,117,2017
2016-12-20,"Golden State Warriors","Utah Jazz",74,104,2017
2016-12-20,"Houston Rockets","San Antonio Spurs",102,100,2017
2016-12-20,"Los Angeles Clippers","Denver Nuggets",102,119,2017
2016-12-20,"Memphis Grizzlies","Boston Celtics",112,109,2017
2016-12-20,"Miami Heat","Orlando Magic",136,130,2017
2016-12-20,"Milwaukee Bucks","Cleveland Cavaliers",114,108,2017
2016-12-20,"New York Knicks","Indiana Pacers",111,118,2017
2016-12-20,"Philadelphia 76ers","New Orleans Pelicans",108,93,2017
2016-12-20,"Sacramento Kings","Portland Trail Blazers",121,126,2017
2016-12-20,"Toronto Raptors","Brooklyn Nets",104,116,2017
2016-12-21,"Atlanta Hawks","Minnesota Timberwolves",92,84,2017
2016-12-21,"Chicago Bulls","Washington Wizards",107,97,2017
2016-12-21,"Cleveland Cavaliers","Milwaukee Bucks",102,113,2017
2016-12-21,"Detroit Pistons","Memphis Grizzlies",98,86,2017
2016-12-21,"New Orleans Pelicans","Oklahoma City Thunder",121,110,2017
2016-12-21,"Phoenix Suns","Houston Rockets",125,111,2017
2016-12-21,"Portland Trail Blazers","Dallas Mavericks",96,95,2017
2016-12-21,"Utah Jazz","Sacramento Kings",94,93,2017
2016-12-22,"Brooklyn Nets","Golden State Warriors",117,101,2017
2016-12-22,"Indiana Pacers","Boston Celtics",109,102,2017
2016-12-22,"Los Angeles Clippers","San Antonio Spurs",101,106,2017
2016-12-22,"Miami Heat","Los Angeles Lakers",107,115,2017
2016-12-22,"New York Knicks","Orlando Magic",95,106,2017
2016-12-23,"Boston Celtics","Oklahoma City Thunder",117,112,2017
2016-12-23,"Charlotte Hornets","Chicago Bulls",91,103,2017
2016-12-23,"Cleveland Cavaliers","Brooklyn Nets",99,119,2017
2016-12-23,"Denver Nuggets","Atlanta Hawks",109,108,2017
2016-12-23,"Detroit Pistons","Golden State Warriors",119,113,2017
2016-12-23,"Los Angeles Clippers","Dallas Mavericks",90,88,2017
2016-12-23,"Memphis Grizzlies","Houston Rockets",109,115,2017
2016-12-23,"Milwaukee Bucks","Washington Wizards",96,123,2017
2016-12-23,"Minnesota Timberwolves","Sacramento Kings",109,105,2017
2016-12-23,"New Orleans Pelicans","Miami Heat",87,91,2017
2016-12-23,"Orlando Magic","Los Angeles Lakers",90,109,2017
2016-12-23,"Phoenix Suns","Philadelphia 76ers",116,123,2017
2016-12-23,"Portland Trail Blazers","San Antonio Spurs",110,90,2017
2016-12-23,"Utah Jazz","Toronto Raptors",104,98,2017
2016-12-25,"Cleveland Cavaliers","Golden State Warriors",108,109,2017
2016-12-25,"Los Angeles Lakers","Los Angeles Clippers",102,111,2017
2016-12-25,"New York Knicks","Boston Celtics",119,114,2017
2016-12-25,"Oklahoma City Thunder","Minnesota Timberwolves",100,112,2017
2016-12-25,"San Antonio Spurs","Chicago Bulls",100,119,2017
2016-12-26,"Brooklyn Nets","Charlotte Hornets",118,120,2017
2016-12-26,"Chicago Bulls","Indiana Pacers",85,90,2017
2016-12-26,"Detroit Pistons","Cleveland Cavaliers",90,106,2017
2016-12-26,"Houston Rockets","Phoenix Suns",115,131,2017
2016-12-26,"Los Angeles Clippers","Denver Nuggets",106,102,2017
2016-12-26,"Minnesota Timberwolves","Atlanta Hawks",90,104,2017
2016-12-26,"New Orleans Pelicans","Dallas Mavericks",104,111,2017
2016-12-26,"Orlando Magic","Memphis Grizzlies",102,112,2017
2016-12-26,"Portland Trail Blazers","Toronto Raptors",95,91,2017
2016-12-26,"Sacramento Kings","Philadelphia 76ers",100,102,2017
2016-12-26,"Washington Wizards","Milwaukee Bucks",102,107,2017
2016-12-27,"Boston Celtics","Memphis Grizzlies",103,113,2017
2016-12-27,"Dallas Mavericks","Houston Rockets",123,107,2017
2016-12-27,"Los Angeles Lakers","Utah Jazz",102,100,2017
2016-12-27,"Miami Heat","Oklahoma City Thunder",106,94,2017
2016-12-28,"Atlanta Hawks","New York Knicks",98,102,2017
2016-12-28,"Chicago Bulls","Brooklyn Nets",99,101,2017
2016-12-28,"Denver Nuggets","Minnesota Timberwolves",103,105,2017
2016-12-28,"Detroit Pistons","Milwaukee Bucks",119,94,2017
2016-12-28,"Golden State Warriors","Toronto Raptors",111,121,2017
2016-12-28,"New Orleans Pelicans","Los Angeles Clippers",98,102,2017
2016-12-28,"Orlando Magic","Charlotte Hornets",120,101,2017
2016-12-28,"Portland Trail Blazers","Sacramento Kings",89,102,2017
2016-12-28,"San Antonio Spurs","Phoenix Suns",98,119,2017
2016-12-28,"Washington Wizards","Indiana Pacers",105,111,2017
2016-12-29,"Charlotte Hornets","Miami Heat",82,91,2017
2016-12-29,"Cleveland Cavaliers","Boston Celtics",118,124,2017
2016-12-29,"Los Angeles Lakers","Dallas Mavericks",101,89,2017
2016-12-29,"Memphis Grizzlies","Oklahoma City Thunder",80,114,2017
2016-12-29,"Phoenix Suns","Toronto Raptors",91,99,2017
2016-12-29,"Utah Jazz","Philadelphia 76ers",83,100,2017
2016-12-30,"Atlanta Hawks","Detroit Pistons",98,105,2017
2016-12-30,"Boston Celtics","Miami Heat",114,117,2017
2016-12-30,"Denver Nuggets","Philadelphia 76ers",124,122,2017
2016-12-30,"Golden State Warriors","Dallas Mavericks",99,108,2017
2016-12-30,"Houston Rockets","Los Angeles Clippers",116,140,2017
2016-12-30,"Indiana Pacers","Chicago Bulls",101,111,2017
2016-12-30,"Minnesota Timberwolves","Milwaukee Bucks",99,116,2017
2016-12-30,"New Orleans Pelicans","New York Knicks",92,104,2017
2016-12-30,"San Antonio Spurs","Portland Trail Blazers",94,110,2017
2016-12-30,"Washington Wizards","Brooklyn Nets",95,118,2017
2016-12-31,"Chicago Bulls","Milwaukee Bucks",116,96,2017
2016-12-31,"Charlotte Hornets","Cleveland Cavaliers",121,109,2017
2016-12-31,"Houston Rockets","New York Knicks",122,129,2017
2016-12-31,"Oklahoma City Thunder","Los Angeles Clippers",88,114,2017
2016-12-31,"Sacramento Kings","Memphis Grizzlies",112,98,2017
2016-12-31,"Utah Jazz","Phoenix Suns",86,91,2017
2017-01-01,"Atlanta Hawks","San Antonio Spurs",112,114,2017
2017-01-01,"Indiana Pacers","Orlando Magic",104,117,2017
2017-01-01,"Los Angeles Lakers","Toronto Raptors",123,114,2017
2017-01-01,"Miami Heat","Detroit Pistons",107,98,2017
2017-01-01,"Minnesota Timberwolves","Portland Trail Blazers",95,89,2017
2017-01-02,"Brooklyn Nets","Utah Jazz",101,89,2017
2017-01-02,"Chicago Bulls","Charlotte Hornets",111,118,2017
2017-01-02,"Cleveland Cavaliers","New Orleans Pelicans",82,90,2017
2017-01-02,"Golden State Warriors","Denver Nuggets",119,127,2017
2017-01-02,"Houston Rockets","Washington Wizards",91,101,2017
2017-01-02,"Los Angeles Clippers","Phoenix Suns",98,109,2017
2017-01-02,"Milwaukee Bucks","Oklahoma City Thunder",94,98,2017
2017-01-02,"New York Knicks","Orlando Magic",115,103,2017
2017-01-03,"Boston Celtics","Utah Jazz",104,115,2017
2017-01-03,"Dallas Mavericks","Washington Wizards",105,113,2017
2017-01-03,"Denver Nuggets","Sacramento Kings",120,113,2017
2017-01-03,"Detroit Pistons","Indiana Pacers",121,116,2017
2017-01-03,"Los Angeles Lakers","Memphis Grizzlies",102,116,2017
2017-01-03,"Philadelphia 76ers","Minnesota Timberwolves",91,93,2017
2017-01-03,"Phoenix Suns","Miami Heat",90,99,2017
2017-01-03,"San Antonio Spurs","Toronto Raptors",82,110,2017
2017-01-04,"Charlotte Hornets","Oklahoma City Thunder",112,123,2017
2017-01-04,"Cleveland Cavaliers","Chicago Bulls",106,94,2017
2017-01-04,"Golden State Warriors","Portland Trail Blazers",117,125,2017
2017-01-04,"Los Angeles Clippers","Memphis Grizzlies",106,115,2017
2017-01-04,"New York Knicks","Milwaukee Bucks",105,104,2017
2017-01-04,"Orlando Magic","Atlanta Hawks",111,92,2017
2017-01-04,"Sacramento Kings","Miami Heat",107,102,2017
2017-01-05,"Dallas Mavericks","Phoenix Suns",102,95,2017
2017-01-05,"Denver Nuggets","San Antonio Spurs",127,99,2017
2017-01-05,"Detroit Pistons","Charlotte Hornets",114,115,2017
2017-01-05,"Houston Rockets","Oklahoma City Thunder",116,118,2017
2017-01-05,"Indiana Pacers","Brooklyn Nets",109,121,2017
2017-01-05,"New Orleans Pelicans","Atlanta Hawks",99,94,2017
2017-01-05,"Portland Trail Blazers","Los Angeles Lakers",109,118,2017
2017-01-05,"Toronto Raptors","Utah Jazz",93,101,2017
2017-01-06,"Boston Celtics","Philadelphia 76ers",106,110,2017
2017-01-06,"Brooklyn Nets","Cleveland Cavaliers",116,108,2017
2017-01-06,"Golden State Warriors","Memphis Grizzlies",128,119,2017
2017-01-06,"Los Angeles Lakers","Miami Heat",100,127,2017
2017-01-06,"Milwaukee Bucks","New York Knicks",116,111,2017
2017-01-06,"Orlando Magic","Houston Rockets",100,93,2017
2017-01-06,"Sacramento Kings","Los Angeles Clippers",106,98,2017
2017-01-06,"Washington Wizards","Minnesota Timberwolves",105,112,2017
2017-01-07,"Boston Celtics","New Orleans Pelicans",108,117,2017
2017-01-07,"Chicago Bulls","Toronto Raptors",118,123,2017
2017-01-07,"Dallas Mavericks","Atlanta Hawks",97,82,2017
2017-01-07,"Indiana Pacers","New York Knicks",109,123,2017
2017-01-07,"Minnesota Timberwolves","Utah Jazz",94,92,2017
2017-01-07,"Oklahoma City Thunder","Denver Nuggets",106,121,2017
2017-01-07,"San Antonio Spurs","Charlotte Hornets",85,102,2017
2017-01-08,"Brooklyn Nets","Philadelphia 76ers",105,95,2017
2017-01-08,"Los Angeles Clippers","Miami Heat",86,98,2017
2017-01-08,"Los Angeles Lakers","Orlando Magic",95,111,2017
2017-01-08,"Memphis Grizzlies","Utah Jazz",79,88,2017
2017-01-08,"Milwaukee Bucks","Washington Wizards",107,101,2017
2017-01-08,"Phoenix Suns","Cleveland Cavaliers",120,116,2017
2017-01-08,"Portland Trail Blazers","Detroit Pistons",125,124,2017
2017-01-08,"Sacramento Kings","Golden State Warriors",117,106,2017
2017-01-08,"Toronto Raptors","Houston Rockets",129,122,2017
2017-01-09,"Chicago Bulls","Oklahoma City Thunder",109,94,2017
2017-01-09,"Minnesota Timberwolves","Dallas Mavericks",92,101,2017
2017-01-09,"New York Knicks","New Orleans Pelicans",110,96,2017
2017-01-10,"Brooklyn Nets","Atlanta Hawks",117,97,2017
2017-01-10,"Golden State Warriors","Miami Heat",95,107,2017
2017-01-10,"Houston Rockets","Charlotte Hornets",114,121,2017
2017-01-10,"Los Angeles Lakers","Portland Trail Blazers",108,87,2017
2017-01-10,"Sacramento Kings","Detroit Pistons",94,100,2017
2017-01-10,"San Antonio Spurs","Milwaukee Bucks",109,107,2017
2017-01-10,"Toronto Raptors","Boston Celtics",106,114,2017
2017-01-10,"Utah Jazz","Cleveland Cavaliers",92,100,2017
2017-01-10,"Washington Wizards","Chicago Bulls",99,101,2017
2017-01-11,"Boston Celtics","Washington Wizards",108,117,2017
2017-01-11,"Los Angeles Clippers","Orlando Magic",96,105,2017
2017-01-11,"Minnesota Timberwolves","Houston Rockets",105,119,2017
2017-01-11,"Oklahoma City Thunder","Memphis Grizzlies",95,103,2017
2017-01-11,"Philadelphia 76ers","New York Knicks",97,98,2017
2017-01-11,"Portland Trail Blazers","Cleveland Cavaliers",86,102,2017
2017-01-12,"Brooklyn Nets","New Orleans Pelicans",104,95,2017
2017-01-12,"Denver Nuggets","Indiana Pacers",112,140,2017
2017-01-12,"Golden State Warriors","Detroit Pistons",107,127,2017
2017-01-12,"New York Knicks","Chicago Bulls",89,104,2017
2017-01-12,"Phoenix Suns","Dallas Mavericks",113,108,2017
2017-01-12,"San Antonio Spurs","Los Angeles Lakers",94,134,2017
2017-01-13,"Atlanta Hawks","Boston Celtics",103,101,2017
2017-01-13,"Houston Rockets","Memphis Grizzlies",110,105,2017
2017-01-13,"Milwaukee Bucks","Miami Heat",108,116,2017
2017-01-13,"Minnesota Timberwolves","Oklahoma City Thunder",86,96,2017
2017-01-13,"Philadelphia 76ers","Charlotte Hornets",93,102,2017
2017-01-13,"Portland Trail Blazers","Orlando Magic",115,109,2017
2017-01-13,"Sacramento Kings","Cleveland Cavaliers",120,108,2017
2017-01-13,"Toronto Raptors","Brooklyn Nets",113,132,2017
2017-01-13,"Utah Jazz","Detroit Pistons",77,110,2017
2017-01-14,"Chicago Bulls","New Orleans Pelicans",99,107,2017
2017-01-14,"Los Angeles Clippers","Los Angeles Lakers",97,113,2017
2017-01-14,"Phoenix Suns","San Antonio Spurs",105,108,2017
2017-01-14,"Utah Jazz","Orlando Magic",107,114,2017
2017-01-14,"Washington Wizards","Philadelphia 76ers",93,109,2017
2017-01-15,"Atlanta Hawks","Milwaukee Bucks",98,111,2017
2017-01-15,"Brooklyn Nets","Houston Rockets",137,112,2017
2017-01-15,"Dallas Mavericks","Minnesota Timberwolves",87,98,2017
2017-01-15,"Los Angeles Lakers","Detroit Pistons",102,97,2017
2017-01-15,"Memphis Grizzlies","Chicago Bulls",108,104,2017
2017-01-15,"Sacramento Kings","Oklahoma City Thunder",122,118,2017
2017-01-15,"Toronto Raptors","New York Knicks",101,116,2017
2017-01-16,"Boston Celtics","Charlotte Hornets",98,108,2017
2017-01-16,"Denver Nuggets","Orlando Magic",112,125,2017
2017-01-16,"Golden State Warriors","Cleveland Cavaliers",91,126,2017
2017-01-16,"Indiana Pacers","New Orleans Pelicans",95,98,2017
2017-01-16,"Los Angeles Clippers","Oklahoma City Thunder",98,120,2017
2017-01-16,"Milwaukee Bucks","Philadelphia 76ers",113,104,2017
2017-01-16,"New York Knicks","Atlanta Hawks",108,107,2017
2017-01-16,"Phoenix Suns","Utah Jazz",106,101,2017
2017-01-16,"Washington Wizards","Portland Trail Blazers",101,120,2017
2017-01-17,"Brooklyn Nets","Toronto Raptors",119,109,2017
2017-01-17,"Chicago Bulls","Dallas Mavericks",99,98,2017
2017-01-17,"Los Angeles Lakers","Denver Nuggets",127,121,2017
2017-01-17,"Miami Heat","Houston Rockets",103,109,2017
2017-01-17,"San Antonio Spurs","Minnesota Timberwolves",114,122,2017
2017-01-18,"Boston Celtics","New York Knicks",117,106,2017
2017-01-18,"Charlotte Hornets","Portland Trail Blazers",85,107,2017
2017-01-18,"Detroit Pistons","Atlanta Hawks",95,118,2017
2017-01-18,"Golden State Warriors","Oklahoma City Thunder",100,121,2017
2017-01-18,"Houston Rockets","Milwaukee Bucks",92,111,2017
2017-01-18,"New Orleans Pelicans","Orlando Magic",98,118,2017
2017-01-18,"Philadelphia 76ers","Toronto Raptors",89,94,2017
2017-01-18,"Sacramento Kings","Indiana Pacers",106,100,2017
2017-01-18,"Washington Wizards","Memphis Grizzlies",101,104,2017
2017-01-19,"Cleveland Cavaliers","Phoenix Suns",103,118,2017
2017-01-19,"Los Angeles Clippers","Minnesota Timberwolves",104,101,2017
2017-01-19,"Miami Heat","Dallas Mavericks",95,99,2017
2017-01-19,"New York Knicks","Washington Wizards",113,110,2017
2017-01-19,"San Antonio Spurs","Denver Nuggets",104,118,2017
2017-01-20,"Atlanta Hawks","Chicago Bulls",93,102,2017
2017-01-20,"Charlotte Hornets","Toronto Raptors",78,113,2017
2017-01-20,"Dallas Mavericks","Utah Jazz",112,107,2017
2017-01-20,"Houston Rockets","Golden State Warriors",125,108,2017
2017-01-20,"Los Angeles Lakers","Indiana Pacers",95,108,2017
2017-01-20,"Memphis Grizzlies","Sacramento Kings",91,107,2017
2017-01-20,"New Orleans Pelicans","Brooklyn Nets",143,114,2017
2017-01-20,"Orlando Magic","Milwaukee Bucks",96,112,2017
2017-01-20,"Philadelphia 76ers","Portland Trail Blazers",92,93,2017
2017-01-21,"Atlanta Hawks","Philadelphia 76ers",93,110,2017
2017-01-21,"Boston Celtics","Portland Trail Blazers",127,123,2017
2017-01-21,"Chicago Bulls","Sacramento Kings",99,102,2017
2017-01-21,"Charlotte Hornets","Brooklyn Nets",105,112,2017
2017-01-21,"Cleveland Cavaliers","San Antonio Spurs",118,115,2017
2017-01-21,"Denver Nuggets","Los Angeles Clippers",98,123,2017
2017-01-21,"Detroit Pistons","Washington Wizards",112,113,2017
2017-01-21,"Memphis Grizzlies","Houston Rockets",119,95,2017
2017-01-21,"Miami Heat","Milwaukee Bucks",97,109,2017
2017-01-21,"New York Knicks","Phoenix Suns",107,105,2017
2017-01-21,"Utah Jazz","Indiana Pacers",100,109,2017
2017-01-22,"Dallas Mavericks","Los Angeles Lakers",73,122,2017
2017-01-22,"Minnesota Timberwolves","Denver Nuggets",108,111,2017
2017-01-22,"Orlando Magic","Golden State Warriors",118,98,2017
2017-01-22,"Toronto Raptors","Phoenix Suns",115,103,2017
2017-01-23,"Atlanta Hawks","Los Angeles Clippers",115,105,2017
2017-01-23,"Brooklyn Nets","San Antonio Spurs",112,86,2017
2017-01-23,"Charlotte Hornets","Washington Wizards",109,99,2017
2017-01-23,"Detroit Pistons","Sacramento Kings",109,104,2017
2017-01-23,"Indiana Pacers","New York Knicks",109,103,2017
2017-01-23,"Miami Heat","Golden State Warriors",102,105,2017
2017-01-23,"Milwaukee Bucks","Houston Rockets",114,127,2017
2017-01-23,"New Orleans Pelicans","Cleveland Cavaliers",122,124,2017
2017-01-23,"Utah Jazz","Oklahoma City Thunder",97,95,2017
2017-01-24,"Denver Nuggets","Utah Jazz",93,103,2017
2017-01-24,"Orlando Magic","Chicago Bulls",100,92,2017
2017-01-24,"Philadelphia 76ers","Los Angeles Clippers",110,121,2017
2017-01-24,"Phoenix Suns","Minnesota Timberwolves",112,111,2017
2017-01-24,"Toronto Raptors","San Antonio Spurs",108,106,2017
2017-01-24,"Washington Wizards","Boston Celtics",108,123,2017
2017-01-25,"Boston Celtics","Houston Rockets",109,120,2017
2017-01-25,"Brooklyn Nets","Miami Heat",109,106,2017
2017-01-25,"Chicago Bulls","Atlanta Hawks",119,114,2017
2017-01-25,"Charlotte Hornets","Golden State Warriors",113,103,2017
2017-01-25,"Cleveland Cavaliers","Sacramento Kings",116,112,2017
2017-01-25,"Dallas Mavericks","New York Knicks",95,103,2017
2017-01-25,"Memphis Grizzlies","Toronto Raptors",99,101,2017
2017-01-25,"Milwaukee Bucks","Philadelphia 76ers",114,109,2017
2017-01-25,"New Orleans Pelicans","Oklahoma City Thunder",114,105,2017
2017-01-25,"Portland Trail Blazers","Los Angeles Lakers",98,105,2017
2017-01-26,"Denver Nuggets","Phoenix Suns",120,127,2017
2017-01-26,"Minnesota Timberwolves","Indiana Pacers",109,103,2017
2017-01-26,"Oklahoma City Thunder","Dallas Mavericks",98,109,2017
2017-01-26,"Utah Jazz","Los Angeles Lakers",88,96,2017
2017-01-27,"Atlanta Hawks","Washington Wizards",112,86,2017
2017-01-27,"Boston Celtics","Orlando Magic",98,128,2017
2017-01-27,"Chicago Bulls","Miami Heat",100,88,2017
2017-01-27,"Cleveland Cavaliers","Brooklyn Nets",116,124,2017
2017-01-27,"Indiana Pacers","Sacramento Kings",111,115,2017
2017-01-27,"New Orleans Pelicans","San Antonio Spurs",103,119,2017
2017-01-27,"New York Knicks","Charlotte Hornets",107,110,2017
2017-01-27,"Philadelphia 76ers","Houston Rockets",123,118,2017
2017-01-27,"Portland Trail Blazers","Memphis Grizzlies",109,112,2017
2017-01-27,"Toronto Raptors","Milwaukee Bucks",86,102,2017
2017-01-28,"Charlotte Hornets","Sacramento Kings",109,106,2017
2017-01-28,"Golden State Warriors","Los Angeles Clippers",98,144,2017
2017-01-28,"Miami Heat","Detroit Pistons",103,116,2017
2017-01-28,"Milwaukee Bucks","Boston Celtics",112,108,2017
2017-01-28,"Minnesota Timberwolves","Brooklyn Nets",109,129,2017
2017-01-28,"Phoenix Suns","Denver Nuggets",123,112,2017
2017-01-28,"Utah Jazz","Memphis Grizzlies",102,95,2017
2017-01-29,"Atlanta Hawks","New York Knicks",139,142,2017
2017-01-29,"Chicago Bulls","Philadelphia 76ers",108,121,2017
2017-01-29,"Cleveland Cavaliers","Oklahoma City Thunder",91,107,2017
2017-01-29,"Indiana Pacers","Houston Rockets",101,120,2017
2017-01-29,"New Orleans Pelicans","Washington Wizards",107,94,2017
2017-01-29,"Portland Trail Blazers","Golden State Warriors",113,111,2017
2017-01-29,"San Antonio Spurs","Dallas Mavericks",105,101,2017
2017-01-29,"Toronto Raptors","Orlando Magic",114,113,2017
2017-01-30,"Boston Celtics","Detroit Pistons",109,113,2017
2017-01-30,"Dallas Mavericks","Cleveland Cavaliers",97,104,2017
2017-01-30,"Miami Heat","Brooklyn Nets",96,104,2017
2017-01-30,"Minnesota Timberwolves","Orlando Magic",105,111,2017
2017-01-30,"Philadelphia 76ers","Sacramento Kings",119,122,2017
2017-01-30,"Phoenix Suns","Memphis Grizzlies",115,96,2017
2017-01-31,"Houston Rockets","Sacramento Kings",83,105,2017
2017-01-31,"Los Angeles Lakers","Denver Nuggets",116,120,2017
2017-01-31,"Portland Trail Blazers","Charlotte Hornets",98,115,2017
2017-01-31,"San Antonio Spurs","Oklahoma City Thunder",94,108,2017
2017-01-31,"Toronto Raptors","New Orleans Pelicans",106,108,2017
2017-01-31,"Washington Wizards","New York Knicks",101,117,2017
2017-02-01,"Boston Celtics","Toronto Raptors",104,109,2017
2017-02-01,"Brooklyn Nets","New York Knicks",95,90,2017
2017-02-01,"Cleveland Cavaliers","Minnesota Timberwolves",97,125,2017
2017-02-01,"Dallas Mavericks","Philadelphia 76ers",95,113,2017
2017-02-01,"Denver Nuggets","Memphis Grizzlies",119,99,2017
2017-02-01,"Detroit Pistons","New Orleans Pelicans",98,118,2017
2017-02-01,"Golden State Warriors","Charlotte Hornets",111,126,2017
2017-02-01,"Miami Heat","Atlanta Hawks",93,116,2017
2017-02-01,"Oklahoma City Thunder","Chicago Bulls",128,100,2017
2017-02-01,"Orlando Magic","Indiana Pacers",98,88,2017
2017-02-01,"Phoenix Suns","Los Angeles Clippers",124,114,2017
2017-02-01,"Utah Jazz","Milwaukee Bucks",88,104,2017
2017-02-02,"Houston Rockets","Atlanta Hawks",113,108,2017
2017-02-02,"Los Angeles Clippers","Golden State Warriors",133,120,2017
2017-02-02,"San Antonio Spurs","Philadelphia 76ers",86,102,2017
2017-02-02,"Washington Wizards","Los Angeles Lakers",108,116,2017
2017-02-03,"Boston Celtics","Los Angeles Lakers",107,113,2017
2017-02-03,"Brooklyn Nets","Indiana Pacers",106,97,2017
2017-02-03,"Denver Nuggets","Milwaukee Bucks",117,121,2017
2017-02-03,"Detroit Pistons","Minnesota Timberwolves",108,116,2017
2017-02-03,"Houston Rockets","Chicago Bulls",117,121,2017
2017-02-03,"Oklahoma City Thunder","Memphis Grizzlies",102,114,2017
2017-02-03,"Orlando Magic","Toronto Raptors",94,102,2017
2017-02-03,"Portland Trail Blazers","Dallas Mavericks",108,104,2017
2017-02-03,"Sacramento Kings","Phoenix Suns",105,103,2017
2017-02-04,"Atlanta Hawks","Orlando Magic",86,113,2017
2017-02-04,"Indiana Pacers","Detroit Pistons",84,105,2017
2017-02-04,"Miami Heat","Philadelphia 76ers",102,125,2017
2017-02-04,"Minnesota Timberwolves","Memphis Grizzlies",107,99,2017
2017-02-04,"New York Knicks","Cleveland Cavaliers",111,104,2017
2017-02-04,"Phoenix Suns","Milwaukee Bucks",137,112,2017
2017-02-04,"Sacramento Kings","Golden State Warriors",106,109,2017
2017-02-04,"San Antonio Spurs","Denver Nuggets",97,121,2017
2017-02-04,"Utah Jazz","Charlotte Hornets",98,105,2017
2017-02-04,"Washington Wizards","New Orleans Pelicans",91,105,2017
2017-02-05,"Boston Celtics","Los Angeles Clippers",102,107,2017
2017-02-05,"Brooklyn Nets","Toronto Raptors",103,95,2017
2017-02-05,"Oklahoma City Thunder","Portland Trail Blazers",99,105,2017
2017-02-06,"Atlanta Hawks","Utah Jazz",120,95,2017
2017-02-06,"Denver Nuggets","Dallas Mavericks",87,110,2017
2017-02-06,"Detroit Pistons","Philadelphia 76ers",96,113,2017
2017-02-06,"Indiana Pacers","Oklahoma City Thunder",90,93,2017
2017-02-06,"Memphis Grizzlies","San Antonio Spurs",74,89,2017
2017-02-06,"Minnesota Timberwolves","Miami Heat",115,113,2017
2017-02-06,"New Orleans Pelicans","Phoenix Suns",106,111,2017
2017-02-06,"New York Knicks","Los Angeles Lakers",121,107,2017
2017-02-06,"Sacramento Kings","Chicago Bulls",112,107,2017
2017-02-06,"Toronto Raptors","Los Angeles Clippers",109,118,2017
2017-02-06,"Washington Wizards","Cleveland Cavaliers",140,135,2017
2017-02-07,"Charlotte Hornets","Brooklyn Nets",107,111,2017
2017-02-07,"Dallas Mavericks","Portland Trail Blazers",114,113,2017
2017-02-07,"Houston Rockets","Orlando Magic",104,128,2017
2017-02-08,"Atlanta Hawks","Denver Nuggets",106,117,2017
2017-02-08,"Brooklyn Nets","Washington Wizards",114,110,2017
2017-02-08,"Detroit Pistons","Los Angeles Lakers",102,121,2017
2017-02-08,"Golden State Warriors","Chicago Bulls",92,123,2017
2017-02-08,"Indiana Pacers","Cleveland Cavaliers",132,117,2017
2017-02-08,"Memphis Grizzlies","Phoenix Suns",91,110,2017
2017-02-08,"Milwaukee Bucks","Miami Heat",106,88,2017
2017-02-08,"Minnesota Timberwolves","Toronto Raptors",109,112,2017
2017-02-08,"New Orleans Pelicans","Utah Jazz",127,94,2017
2017-02-08,"New York Knicks","Los Angeles Clippers",119,115,2017
2017-02-08,"Philadelphia 76ers","San Antonio Spurs",111,103,2017
2017-02-08,"Sacramento Kings","Boston Celtics",92,108,2017
2017-02-09,"Charlotte Hornets","Houston Rockets",107,95,2017
2017-02-09,"Dallas Mavericks","Utah Jazz",105,112,2017
2017-02-09,"Oklahoma City Thunder","Cleveland Cavaliers",109,118,2017
2017-02-09,"Orlando Magic","Philadelphia 76ers",112,111,2017
2017-02-09,"Portland Trail Blazers","Boston Celtics",120,111,2017
2017-02-10,"Brooklyn Nets","Miami Heat",108,99,2017
2017-02-10,"Detroit Pistons","San Antonio Spurs",103,92,2017
2017-02-10,"Memphis Grizzlies","Golden State Warriors",122,107,2017
2017-02-10,"Milwaukee Bucks","Los Angeles Lakers",122,114,2017
2017-02-10,"Minnesota Timberwolves","New Orleans Pelicans",122,106,2017
2017-02-10,"New York Knicks","Denver Nuggets",131,123,2017
2017-02-10,"Phoenix Suns","Chicago Bulls",97,115,2017
2017-02-10,"Sacramento Kings","Atlanta Hawks",107,108,2017
2017-02-10,"Washington Wizards","Indiana Pacers",107,112,2017
2017-02-11,"Charlotte Hornets","Los Angeles Clippers",107,102,2017
2017-02-11,"Cleveland Cavaliers","Denver Nuggets",109,125,2017
2017-02-11,"Dallas Mavericks","Orlando Magic",80,112,2017
2017-02-11,"Houston Rockets","Phoenix Suns",102,133,2017
2017-02-11,"Indiana Pacers","Milwaukee Bucks",116,100,2017
2017-02-11,"Oklahoma City Thunder","Golden State Warriors",130,114,2017
2017-02-11,"Philadelphia 76ers","Miami Heat",109,117,2017
2017-02-11,"Utah Jazz","Boston Celtics",112,104,2017
2017-02-12,"Minnesota Timberwolves","Chicago Bulls",89,117,2017
2017-02-12,"New York Knicks","San Antonio Spurs",90,94,2017
2017-02-12,"Sacramento Kings","New Orleans Pelicans",99,105,2017
2017-02-12,"Toronto Raptors","Detroit Pistons",102,101,2017
2017-02-13,"Brooklyn Nets","Memphis Grizzlies",112,103,2017
2017-02-13,"Charlotte Hornets","Philadelphia 76ers",105,99,2017
2017-02-13,"Dallas Mavericks","Boston Celtics",111,98,2017
2017-02-13,"Denver Nuggets","Golden State Warriors",110,132,2017
2017-02-13,"Indiana Pacers","San Antonio Spurs",110,106,2017
2017-02-13,"Miami Heat","Orlando Magic",116,107,2017
2017-02-13,"Milwaukee Bucks","Detroit Pistons",89,102,2017
2017-02-13,"Phoenix Suns","New Orleans Pelicans",110,108,2017
2017-02-13,"Portland Trail Blazers","Atlanta Hawks",109,104,2017
2017-02-13,"Utah Jazz","Los Angeles Clippers",88,72,2017
2017-02-13,"Washington Wizards","Oklahoma City Thunder",98,120,2017
2017-02-14,"Chicago Bulls","Toronto Raptors",94,105,2017
2017-02-14,"Los Angeles Lakers","Sacramento Kings",97,96,2017
2017-02-14,"Minnesota Timberwolves","Cleveland Cavaliers",116,108,2017
2017-02-15,"Boston Celtics","Philadelphia 76ers",108,116,2017
2017-02-15,"Brooklyn Nets","Milwaukee Bucks",129,125,2017
2017-02-15,"Cleveland Cavaliers","Indiana Pacers",104,113,2017
2017-02-15,"Denver Nuggets","Minnesota Timberwolves",112,99,2017
2017-02-15,"Detroit Pistons","Dallas Mavericks",91,98,2017
2017-02-15,"Golden State Warriors","Sacramento Kings",86,109,2017
2017-02-15,"Houston Rockets","Miami Heat",117,109,2017
2017-02-15,"Los Angeles Clippers","Atlanta Hawks",84,99,2017
2017-02-15,"Memphis Grizzlies","New Orleans Pelicans",95,91,2017
2017-02-15,"Oklahoma City Thunder","New York Knicks",105,116,2017
2017-02-15,"Orlando Magic","San Antonio Spurs",107,79,2017
2017-02-15,"Phoenix Suns","Los Angeles Lakers",101,137,2017
2017-02-15,"Toronto Raptors","Charlotte Hornets",85,90,2017
2017-02-15,"Utah Jazz","Portland Trail Blazers",88,111,2017
2017-02-16,"Chicago Bulls","Boston Celtics",103,104,2017
2017-02-16,"Indiana Pacers","Washington Wizards",111,98,2017
2017-02-23,"Cleveland Cavaliers","New York Knicks",104,119,2017
2017-02-23,"Detroit Pistons","Charlotte Hornets",108,114,2017
2017-02-23,"Golden State Warriors","Los Angeles Clippers",113,123,2017
2017-02-23,"New Orleans Pelicans","Houston Rockets",129,99,2017
2017-02-23,"Orlando Magic","Portland Trail Blazers",112,103,2017
2017-02-23,"Sacramento Kings","Denver Nuggets",100,116,2017
2017-02-24,"Atlanta Hawks","Miami Heat",108,90,2017
2017-02-24,"Chicago Bulls","Phoenix Suns",121,128,2017
2017-02-24,"Denver Nuggets","Brooklyn Nets",109,129,2017
2017-02-24,"Indiana Pacers","Memphis Grizzlies",92,102,2017
2017-02-24,"Los Angeles Clippers","San Antonio Spurs",105,97,2017
2017-02-24,"Milwaukee Bucks","Utah Jazz",109,95,2017
2017-02-24,"Minnesota Timberwolves","Dallas Mavericks",84,97,2017
2017-02-24,"Oklahoma City Thunder","Los Angeles Lakers",93,110,2017
2017-02-24,"Philadelphia 76ers","Washington Wizards",112,120,2017
2017-02-24,"Toronto Raptors","Boston Celtics",97,107,2017
2017-02-25,"Cleveland Cavaliers","Chicago Bulls",117,99,2017
2017-02-25,"Dallas Mavericks","New Orleans Pelicans",83,96,2017
2017-02-25,"Golden State Warriors","Brooklyn Nets",95,112,2017
2017-02-25,"Houston Rockets","Minnesota Timberwolves",130,142,2017
2017-02-25,"Miami Heat","Indiana Pacers",95,113,2017
2017-02-25,"New York Knicks","Philadelphia 76ers",109,110,2017
2017-02-25,"Orlando Magic","Atlanta Hawks",86,105,2017
2017-02-25,"Sacramento Kings","Charlotte Hornets",99,85,2017
2017-02-26,"Denver Nuggets","Memphis Grizzlies",105,98,2017
2017-02-26,"Detroit Pistons","Boston Celtics",104,98,2017
2017-02-26,"Los Angeles Clippers","Charlotte Hornets",121,124,2017
2017-02-26,"Los Angeles Lakers","San Antonio Spurs",119,98,2017
2017-02-26,"Milwaukee Bucks","Phoenix Suns",96,100,2017
2017-02-26,"Oklahoma City Thunder","New Orleans Pelicans",110,118,2017
2017-02-26,"Toronto Raptors","Portland Trail Blazers",106,112,2017
2017-02-26,"Washington Wizards","Utah Jazz",102,92,2017
2017-02-27,"Boston Celtics","Atlanta Hawks",114,98,2017
2017-02-27,"Cleveland Cavaliers","Milwaukee Bucks",95,102,2017
2017-02-27,"Dallas Mavericks","Miami Heat",89,96,2017
2017-02-27,"Houston Rockets","Indiana Pacers",117,108,2017
2017-02-27,"New York Knicks","Toronto Raptors",92,91,2017
2017-02-27,"Philadelphia 76ers","Golden State Warriors",119,108,2017
2017-02-27,"Sacramento Kings","Minnesota Timberwolves",102,88,2017
2017-02-28,"Chicago Bulls","Denver Nuggets",125,107,2017
2017-02-28,"Detroit Pistons","Portland Trail Blazers",113,120,2017
2017-02-28,"Los Angeles Lakers","Charlotte Hornets",109,104,2017
2017-02-28,"Memphis Grizzlies","Phoenix Suns",112,130,2017
2017-02-28,"Oklahoma City Thunder","Utah Jazz",106,109,2017
2017-02-28,"Washington Wizards","Golden State Warriors",108,112,2017
2017-03-01,"Atlanta Hawks","Dallas Mavericks",95,100,2017
2017-03-01,"Boston Celtics","Cleveland Cavaliers",99,103,2017
2017-03-01,"Los Angeles Clippers","Houston Rockets",122,103,2017
2017-03-01,"Miami Heat","Philadelphia 76ers",98,125,2017
2017-03-01,"Milwaukee Bucks","Denver Nuggets",110,98,2017
2017-03-01,"New Orleans Pelicans","Detroit Pistons",86,109,2017
2017-03-01,"Orlando Magic","New York Knicks",101,90,2017
2017-03-01,"Sacramento Kings","Brooklyn Nets",109,100,2017
2017-03-01,"San Antonio Spurs","Indiana Pacers",99,100,2017
2017-03-01,"Toronto Raptors","Washington Wizards",105,96,2017
2017-03-01,"Utah Jazz","Minnesota Timberwolves",107,80,2017
2017-03-02,"Chicago Bulls","Golden State Warriors",87,94,2017
2017-03-02,"Phoenix Suns","Charlotte Hornets",103,120,2017
2017-03-02,"Portland Trail Blazers","Oklahoma City Thunder",109,114,2017
2017-03-03,"Atlanta Hawks","Cleveland Cavaliers",135,130,2017
2017-03-03,"Dallas Mavericks","Memphis Grizzlies",100,104,2017
2017-03-03,"Los Angeles Lakers","Boston Celtics",115,95,2017
2017-03-03,"Milwaukee Bucks","Los Angeles Clippers",101,112,2017
2017-03-03,"New Orleans Pelicans","San Antonio Spurs",101,98,2017
2017-03-03,"Orlando Magic","Miami Heat",99,110,2017
2017-03-03,"Philadelphia 76ers","New York Knicks",102,105,2017
2017-03-03,"Phoenix Suns","Oklahoma City Thunder",111,118,2017
2017-03-03,"Utah Jazz","Brooklyn Nets",97,112,2017
2017-03-03,"Washington Wizards","Toronto Raptors",114,106,2017
2017-03-04,"Chicago Bulls","Los Angeles Clippers",101,91,2017
2017-03-04,"Denver Nuggets","Charlotte Hornets",112,102,2017
2017-03-04,"Houston Rockets","Memphis Grizzlies",108,123,2017
2017-03-04,"Miami Heat","Cleveland Cavaliers",92,120,2017
2017-03-04,"Milwaukee Bucks","Toronto Raptors",94,101,2017
2017-03-04,"Philadelphia 76ers","Detroit Pistons",136,106,2017
2017-03-04,"Portland Trail Blazers","Brooklyn Nets",116,130,2017
2017-03-04,"San Antonio Spurs","Minnesota Timberwolves",90,97,2017
2017-03-05,"Atlanta Hawks","Indiana Pacers",97,96,2017
2017-03-05,"Dallas Mavericks","Oklahoma City Thunder",89,104,2017
2017-03-05,"Los Angeles Lakers","New Orleans Pelicans",105,97,2017
2017-03-05,"New York Knicks","Golden State Warriors",112,105,2017
2017-03-05,"Phoenix Suns","Boston Celtics",106,109,2017
2017-03-05,"Sacramento Kings","Utah Jazz",110,109,2017
2017-03-05,"Washington Wizards","Orlando Magic",114,115,2017
2017-03-06,"Atlanta Hawks","Golden State Warriors",119,111,2017
2017-03-06,"Charlotte Hornets","Indiana Pacers",88,100,2017
2017-03-06,"Cleveland Cavaliers","Miami Heat",106,98,2017
2017-03-06,"Denver Nuggets","Sacramento Kings",96,108,2017
2017-03-06,"Detroit Pistons","Chicago Bulls",95,109,2017
2017-03-06,"Los Angeles Clippers","Boston Celtics",102,116,2017
2017-03-06,"Memphis Grizzlies","Brooklyn Nets",122,109,2017
2017-03-06,"Orlando Magic","New York Knicks",113,105,2017
2017-03-06,"Philadelphia 76ers","Milwaukee Bucks",112,98,2017
2017-03-06,"San Antonio Spurs","Houston Rockets",110,112,2017
2017-03-06,"Utah Jazz","New Orleans Pelicans",83,88,2017
2017-03-07,"Dallas Mavericks","Los Angeles Lakers",111,122,2017
2017-03-07,"Oklahoma City Thunder","Portland Trail Blazers",126,121,2017
2017-03-07,"Phoenix Suns","Washington Wizards",131,127,2017
2017-03-08,"Atlanta Hawks","Brooklyn Nets",105,110,2017
2017-03-08,"Denver Nuggets","Washington Wizards",123,113,2017
2017-03-08,"Golden State Warriors","Boston Celtics",99,86,2017
2017-03-08,"Houston Rockets","Utah Jazz",115,108,2017
2017-03-08,"Indiana Pacers","Detroit Pistons",98,115,2017
2017-03-08,"Miami Heat","Charlotte Hornets",101,108,2017
2017-03-08,"Milwaukee Bucks","New York Knicks",93,104,2017
2017-03-08,"Minnesota Timberwolves","Los Angeles Clippers",91,107,2017
2017-03-08,"New Orleans Pelicans","Toronto Raptors",94,87,2017
2017-03-08,"Orlando Magic","Chicago Bulls",91,98,2017
2017-03-08,"San Antonio Spurs","Sacramento Kings",104,114,2017
2017-03-09,"Detroit Pistons","Cleveland Cavaliers",101,106,2017
2017-03-09,"Memphis Grizzlies","Los Angeles Clippers",114,98,2017
2017-03-09,"Oklahoma City Thunder","San Antonio Spurs",92,102,2017
2017-03-09,"Phoenix Suns","Los Angeles Lakers",122,110,2017
2017-03-09,"Portland Trail Blazers","Philadelphia 76ers",108,114,2017
2017-03-10,"Atlanta Hawks","Toronto Raptors",99,105,2017
2017-03-10,"Chicago Bulls","Houston Rockets",115,94,2017
2017-03-10,"Charlotte Hornets","Orlando Magic",81,121,2017
2017-03-10,"Dallas Mavericks","Brooklyn Nets",96,105,2017
2017-03-10,"Denver Nuggets","Boston Celtics",99,119,2017
2017-03-10,"Milwaukee Bucks","Indiana Pacers",85,99,2017
2017-03-10,"Minnesota Timberwolves","Golden State Warriors",102,103,2017
2017-03-10,"Sacramento Kings","Washington Wizards",130,122,2017
2017-03-11,"Charlotte Hornets","New Orleans Pelicans",125,122,2017
2017-03-11,"Dallas Mavericks","Phoenix Suns",100,98,2017
2017-03-11,"Detroit Pistons","New York Knicks",92,112,2017
2017-03-11,"Los Angeles Clippers","Philadelphia 76ers",100,112,2017
2017-03-11,"Memphis Grizzlies","Atlanta Hawks",107,90,2017
2017-03-11,"Miami Heat","Toronto Raptors",89,104,2017
2017-03-11,"Milwaukee Bucks","Minnesota Timberwolves",95,102,2017
2017-03-11,"Oklahoma City Thunder","Utah Jazz",104,112,2017
2017-03-11,"Orlando Magic","Cleveland Cavaliers",116,104,2017
2017-03-11,"Portland Trail Blazers","Washington Wizards",125,124,2017
2017-03-11,"Sacramento Kings","Denver Nuggets",105,92,2017
2017-03-11,"San Antonio Spurs","Golden State Warriors",85,107,2017
2017-03-12,"Boston Celtics","Chicago Bulls",80,100,2017
2017-03-12,"Brooklyn Nets","New York Knicks",112,120,2017
2017-03-12,"Houston Rockets","Cleveland Cavaliers",112,117,2017
2017-03-12,"Indiana Pacers","Miami Heat",98,102,2017
2017-03-12,"Los Angeles Lakers","Philadelphia 76ers",118,116,2017
2017-03-12,"Phoenix Suns","Portland Trail Blazers",110,101,2017
2017-03-13,"Charlotte Hornets","Chicago Bulls",115,109,2017
2017-03-13,"Denver Nuggets","Los Angeles Lakers",101,129,2017
2017-03-13,"Memphis Grizzlies","Milwaukee Bucks",93,113,2017
2017-03-13,"Minnesota Timberwolves","Washington Wizards",104,119,2017
2017-03-13,"Sacramento Kings","Orlando Magic",115,120,2017
2017-03-13,"San Antonio Spurs","Atlanta Hawks",99,107,2017
2017-03-13,"Toronto Raptors","Dallas Mavericks",78,100,2017
2017-03-13,"Utah Jazz","Los Angeles Clippers",108,114,2017
2017-03-14,"Brooklyn Nets","Oklahoma City Thunder",122,104,2017
2017-03-14,"Cleveland Cavaliers","Detroit Pistons",96,128,2017
2017-03-14,"Golden State Warriors","Philadelphia 76ers",104,106,2017
2017-03-14,"New Orleans Pelicans","Portland Trail Blazers",77,100,2017
2017-03-14,"New York Knicks","Indiana Pacers",81,87,2017
2017-03-15,"Boston Celtics","Minnesota Timberwolves",104,117,2017
2017-03-15,"Chicago Bulls","Memphis Grizzlies",98,91,2017
2017-03-15,"Detroit Pistons","Utah Jazz",97,83,2017
2017-03-15,"Houston Rockets","Los Angeles Lakers",100,139,2017
2017-03-15,"Indiana Pacers","Charlotte Hornets",77,98,2017
2017-03-15,"Los Angeles Clippers","Milwaukee Bucks",97,96,2017
2017-03-15,"Miami Heat","New Orleans Pelicans",112,120,2017
2017-03-15,"Phoenix Suns","Sacramento Kings",107,101,2017
2017-03-15,"San Antonio Spurs","Portland Trail Blazers",110,106,2017
2017-03-15,"Washington Wizards","Dallas Mavericks",112,107,2017
2017-03-16,"Atlanta Hawks","Memphis Grizzlies",103,91,2017
2017-03-16,"Cleveland Cavaliers","Utah Jazz",83,91,2017
2017-03-16,"Denver Nuggets","Los Angeles Clippers",114,129,2017
2017-03-16,"Golden State Warriors","Orlando Magic",92,122,2017
2017-03-16,"New York Knicks","Brooklyn Nets",121,110,2017
2017-03-16,"Toronto Raptors","Oklahoma City Thunder",123,102,2017
2017-03-17,"Brooklyn Nets","Boston Celtics",98,95,2017
2017-03-17,"Detroit Pistons","Toronto Raptors",87,75,2017
2017-03-17,"Los Angeles Lakers","Milwaukee Bucks",107,103,2017
2017-03-17,"Miami Heat","Minnesota Timberwolves",105,123,2017
2017-03-17,"New Orleans Pelicans","Houston Rockets",112,128,2017
2017-03-17,"Philadelphia 76ers","Dallas Mavericks",74,116,2017
2017-03-17,"Phoenix Suns","Orlando Magic",109,103,2017
2017-03-17,"Washington Wizards","Chicago Bulls",107,112,2017
2017-03-18,"Atlanta Hawks","Portland Trail Blazers",113,97,2017
2017-03-18,"Chicago Bulls","Utah Jazz",86,95,2017
2017-03-18,"Charlotte Hornets","Washington Wizards",93,98,2017
2017-03-18,"Denver Nuggets","Houston Rockets",109,105,2017
2017-03-18,"Golden State Warriors","Milwaukee Bucks",92,117,2017
2017-03-18,"Los Angeles Clippers","Cleveland Cavaliers",78,108,2017
2017-03-18,"Memphis Grizzlies","San Antonio Spurs",96,104,2017
2017-03-18,"Oklahoma City Thunder","Sacramento Kings",94,110,2017
2017-03-19,"Brooklyn Nets","Dallas Mavericks",111,104,2017
2017-03-19,"Detroit Pistons","Phoenix Suns",95,112,2017
2017-03-19,"Los Angeles Lakers","Cleveland Cavaliers",125,120,2017
2017-03-19,"Miami Heat","Portland Trail Blazers",115,104,2017
2017-03-19,"New Orleans Pelicans","Minnesota Timberwolves",109,123,2017
2017-03-19,"Philadelphia 76ers","Boston Celtics",99,105,2017
2017-03-19,"San Antonio Spurs","Sacramento Kings",102,118,2017
2017-03-19,"Toronto Raptors","Indiana Pacers",91,116,2017
2017-03-20,"Boston Celtics","Washington Wizards",102,110,2017
2017-03-20,"Charlotte Hornets","Atlanta Hawks",90,105,2017
2017-03-20,"Houston Rockets","Denver Nuggets",124,125,2017
2017-03-20,"Indiana Pacers","Utah Jazz",100,107,2017
2017-03-20,"Los Angeles Clippers","New York Knicks",105,114,2017
2017-03-20,"Oklahoma City Thunder","Golden State Warriors",111,95,2017
2017-03-20,"Orlando Magic","Philadelphia 76ers",109,112,2017
2017-03-21,"Brooklyn Nets","Detroit Pistons",96,98,2017
2017-03-21,"Dallas Mavericks","Golden State Warriors",112,87,2017
2017-03-21,"Los Angeles Lakers","Los Angeles Clippers",133,109,2017
2017-03-21,"Miami Heat","Phoenix Suns",97,112,2017
2017-03-21,"Minnesota Timberwolves","San Antonio Spurs",100,93,2017
2017-03-21,"New Orleans Pelicans","Memphis Grizzlies",82,95,2017
2017-03-21,"Portland Trail Blazers","Milwaukee Bucks",93,90,2017
2017-03-21,"Toronto Raptors","Chicago Bulls",120,122,2017
2017-03-22,"Boston Celtics","Indiana Pacers",100,109,2017
2017-03-22,"Chicago Bulls","Detroit Pistons",95,117,2017
2017-03-22,"Denver Nuggets","Cleveland Cavaliers",113,126,2017
2017-03-22,"Oklahoma City Thunder","Philadelphia 76ers",97,122,2017
2017-03-22,"Orlando Magic","Charlotte Hornets",109,102,2017
2017-03-22,"Sacramento Kings","Milwaukee Bucks",116,98,2017
2017-03-22,"Utah Jazz","New York Knicks",101,108,2017
2017-03-22,"Washington Wizards","Atlanta Hawks",100,104,2017
2017-03-23,"Brooklyn Nets","Phoenix Suns",98,126,2017
2017-03-23,"Dallas Mavericks","Los Angeles Clippers",95,97,2017
2017-03-23,"Miami Heat","Toronto Raptors",101,84,2017
2017-03-23,"Portland Trail Blazers","New York Knicks",95,110,2017
2017-03-23,"San Antonio Spurs","Memphis Grizzlies",90,97,2017
2017-03-24,"Boston Celtics","Phoenix Suns",120,130,2017
2017-03-24,"Chicago Bulls","Philadelphia 76ers",117,107,2017
2017-03-24,"Charlotte Hornets","Cleveland Cavaliers",112,105,2017
2017-03-24,"Golden State Warriors","Sacramento Kings",100,114,2017
2017-03-24,"Houston Rockets","New Orleans Pelicans",107,117,2017
2017-03-24,"Indiana Pacers","Denver Nuggets",125,117,2017
2017-03-24,"Los Angeles Lakers","Minnesota Timberwolves",119,130,2017
2017-03-24,"Milwaukee Bucks","Atlanta Hawks",97,100,2017
2017-03-24,"Orlando Magic","Detroit Pistons",87,115,2017
2017-03-24,"Washington Wizards","Brooklyn Nets",108,129,2017
2017-03-25,"Cleveland Cavaliers","Washington Wizards",127,115,2017
2017-03-25,"Dallas Mavericks","Toronto Raptors",94,86,2017
2017-03-25,"Los Angeles Clippers","Utah Jazz",95,108,2017
2017-03-25,"Portland Trail Blazers","Minnesota Timberwolves",100,112,2017
2017-03-25,"San Antonio Spurs","New York Knicks",98,106,2017
2017-03-26,"Atlanta Hawks","Brooklyn Nets",107,92,2017
2017-03-26,"Boston Celtics","Miami Heat",108,112,2017
2017-03-26,"Charlotte Hornets","Phoenix Suns",106,120,2017
2017-03-26,"Denver Nuggets","New Orleans Pelicans",115,90,2017
2017-03-26,"Golden State Warriors","Memphis Grizzlies",94,106,2017
2017-03-26,"Houston Rockets","Oklahoma City Thunder",125,137,2017
2017-03-26,"Indiana Pacers","Philadelphia 76ers",94,107,2017
2017-03-26,"Los Angeles Clippers","Sacramento Kings",98,97,2017
2017-03-26,"Los Angeles Lakers","Portland Trail Blazers",97,81,2017
2017-03-26,"Milwaukee Bucks","Chicago Bulls",109,94,2017
2017-03-27,"Dallas Mavericks","Oklahoma City Thunder",92,91,2017
2017-03-27,"New York Knicks","Detroit Pistons",95,109,2017
2017-03-27,"Sacramento Kings","Memphis Grizzlies",90,91,2017
2017-03-27,"San Antonio Spurs","Cleveland Cavaliers",74,103,2017
2017-03-27,"Toronto Raptors","Orlando Magic",112,131,2017
2017-03-27,"Utah Jazz","New Orleans Pelicans",100,108,2017
2017-03-28,"Atlanta Hawks","Phoenix Suns",91,95,2017
2017-03-28,"Brooklyn Nets","Philadelphia 76ers",106,101,2017
2017-03-28,"Charlotte Hornets","Milwaukee Bucks",118,108,2017
2017-03-28,"Detroit Pistons","Miami Heat",97,96,2017
2017-03-28,"Houston Rockets","Golden State Warriors",113,106,2017
2017-03-28,"Indiana Pacers","Minnesota Timberwolves",115,114,2017
2017-03-28,"Los Angeles Lakers","Washington Wizards",119,108,2017
2017-03-28,"Portland Trail Blazers","Denver Nuggets",113,122,2017
2017-03-29,"Boston Celtics","Milwaukee Bucks",103,100,2017
2017-03-29,"Los Angeles Clippers","Washington Wizards",124,133,2017
2017-03-29,"Memphis Grizzlies","Indiana Pacers",97,110,2017
2017-03-29,"New Orleans Pelicans","Dallas Mavericks",118,121,2017
2017-03-29,"New York Knicks","Miami Heat",105,88,2017
2017-03-29,"Orlando Magic","Oklahoma City Thunder",114,106,2017
2017-03-29,"Philadelphia 76ers","Atlanta Hawks",99,92,2017
2017-03-29,"Sacramento Kings","Utah Jazz",112,82,2017
2017-03-29,"San Antonio Spurs","Golden State Warriors",110,98,2017
2017-03-29,"Toronto Raptors","Charlotte Hornets",110,106,2017
2017-03-30,"Chicago Bulls","Cleveland Cavaliers",93,99,2017
2017-03-30,"Detroit Pistons","Brooklyn Nets",89,90,2017
2017-03-30,"Minnesota Timberwolves","Los Angeles Lakers",104,119,2017
2017-03-30,"Phoenix Suns","Los Angeles Clippers",124,118,2017
2017-03-30,"Portland Trail Blazers","Houston Rockets",107,117,2017
2017-03-31,"Boston Celtics","Orlando Magic",116,117,2017
2017-03-31,"Charlotte Hornets","Denver Nuggets",114,122,2017
2017-03-31,"Cleveland Cavaliers","Philadelphia 76ers",105,122,2017
2017-03-31,"Golden State Warriors","Houston Rockets",98,107,2017
2017-03-31,"Memphis Grizzlies","Dallas Mavericks",90,99,2017
2017-03-31,"Miami Heat","New York Knicks",98,94,2017
2017-03-31,"Milwaukee Bucks","Detroit Pistons",105,108,2017
2017-03-31,"New Orleans Pelicans","Sacramento Kings",89,117,2017
2017-03-31,"Oklahoma City Thunder","San Antonio Spurs",100,95,2017
2017-03-31,"Toronto Raptors","Indiana Pacers",100,111,2017
2017-03-31,"Utah Jazz","Washington Wizards",88,95,2017
2017-04-01,"Brooklyn Nets","Orlando Magic",111,121,2017
2017-04-01,"Chicago Bulls","Atlanta Hawks",104,106,2017
2017-04-01,"Los Angeles Clippers","Los Angeles Lakers",104,115,2017
2017-04-01,"Minnesota Timberwolves","Sacramento Kings",123,117,2017
2017-04-01,"Portland Trail Blazers","Phoenix Suns",117,130,2017
2017-04-02,"Brooklyn Nets","Atlanta Hawks",82,91,2017
2017-04-02,"Cleveland Cavaliers","Indiana Pacers",130,135,2017
2017-04-02,"Golden State Warriors","Washington Wizards",115,139,2017
2017-04-02,"Los Angeles Lakers","Memphis Grizzlies",103,108,2017
2017-04-02,"Miami Heat","Denver Nuggets",116,113,2017
2017-04-02,"Milwaukee Bucks","Dallas Mavericks",109,105,2017
2017-04-02,"New Orleans Pelicans","Chicago Bulls",117,110,2017
2017-04-02,"New York Knicks","Boston Celtics",110,94,2017
2017-04-02,"Oklahoma City Thunder","Charlotte Hornets",113,101,2017
2017-04-02,"Phoenix Suns","Houston Rockets",123,116,2017
2017-04-02,"San Antonio Spurs","Utah Jazz",103,109,2017
2017-04-02,"Toronto Raptors","Philadelphia 76ers",105,113,2017
2017-04-03,"Minnesota Timberwolves","Portland Trail Blazers",109,110,2017
2017-04-04,"Cleveland Cavaliers","Orlando Magic",102,122,2017
2017-04-04,"Golden State Warriors","Minnesota Timberwolves",107,121,2017
2017-04-04,"Indiana Pacers","Toronto Raptors",90,108,2017
2017-04-04,"New Orleans Pelicans","Denver Nuggets",134,131,2017
2017-04-04,"New York Knicks","Chicago Bulls",91,100,2017
2017-04-04,"Oklahoma City Thunder","Milwaukee Bucks",79,110,2017
2017-04-04,"Philadelphia 76ers","Brooklyn Nets",141,118,2017
2017-04-04,"Sacramento Kings","Dallas Mavericks",87,98,2017
2017-04-04,"San Antonio Spurs","Memphis Grizzlies",89,95,2017
2017-04-04,"Utah Jazz","Portland Trail Blazers",87,106,2017
2017-04-04,"Washington Wizards","Charlotte Hornets",111,118,2017
2017-04-05,"Boston Celtics","Cleveland Cavaliers",114,91,2017
2017-04-05,"Charlotte Hornets","Miami Heat",112,99,2017
2017-04-05,"Detroit Pistons","Toronto Raptors",105,102,2017
2017-04-05,"Houston Rockets","Denver Nuggets",104,110,2017
2017-04-05,"Los Angeles Clippers","Dallas Mavericks",101,112,2017
2017-04-05,"Memphis Grizzlies","Oklahoma City Thunder",103,100,2017
2017-04-05,"Phoenix Suns","Golden State Warriors",120,111,2017
2017-04-05,"San Antonio Spurs","Los Angeles Lakers",102,95,2017
2017-04-06,"Atlanta Hawks","Boston Celtics",116,123,2017
2017-04-06,"Indiana Pacers","Milwaukee Bucks",89,104,2017
2017-04-06,"New York Knicks","Washington Wizards",106,103,2017
2017-04-06,"Orlando Magic","Brooklyn Nets",107,115,2017
2017-04-06,"Philadelphia 76ers","Chicago Bulls",102,90,2017
2017-04-06,"Portland Trail Blazers","Minnesota Timberwolves",98,105,2017
2017-04-07,"Cleveland Cavaliers","Atlanta Hawks",114,100,2017
2017-04-07,"Dallas Mavericks","San Antonio Spurs",102,89,2017
2017-04-07,"Denver Nuggets","New Orleans Pelicans",106,122,2017
2017-04-07,"Houston Rockets","Detroit Pistons",114,109,2017
2017-04-07,"Los Angeles Lakers","Sacramento Kings",94,98,2017
2017-04-07,"Memphis Grizzlies","New York Knicks",88,101,2017
2017-04-07,"Phoenix Suns","Oklahoma City Thunder",99,120,2017
2017-04-07,"Toronto Raptors","Miami Heat",94,96,2017
2017-04-07,"Utah Jazz","Minnesota Timberwolves",113,120,2017
2017-04-08,"Brooklyn Nets","Chicago Bulls",106,107,2017
2017-04-08,"Charlotte Hornets","Boston Celtics",121,114,2017
2017-04-08,"Golden State Warriors","New Orleans Pelicans",101,123,2017
2017-04-08,"Orlando Magic","Indiana Pacers",127,112,2017
2017-04-08,"Philadelphia 76ers","Milwaukee Bucks",90,82,2017
2017-04-08,"Portland Trail Blazers","Utah Jazz",86,101,2017
2017-04-08,"San Antonio Spurs","Los Angeles Clippers",98,87,2017
2017-04-08,"Washington Wizards","Miami Heat",106,103,2017
2017-04-09,"Atlanta Hawks","Cleveland Cavaliers",125,126,2017
2017-04-09,"Denver Nuggets","Oklahoma City Thunder",106,105,2017
2017-04-09,"Los Angeles Lakers","Minnesota Timberwolves",109,110,2017
2017-04-09,"Memphis Grizzlies","Detroit Pistons",103,90,2017
2017-04-09,"New York Knicks","Toronto Raptors",110,97,2017
2017-04-09,"Phoenix Suns","Dallas Mavericks",111,124,2017
2017-04-09,"Sacramento Kings","Houston Rockets",135,128,2017
2017-04-10,"Boston Celtics","Brooklyn Nets",105,114,2017
2017-04-10,"Chicago Bulls","Orlando Magic",75,122,2017
2017-04-10,"Detroit Pistons","Washington Wizards",105,101,2017
2017-04-10,"Golden State Warriors","Utah Jazz",105,99,2017
2017-04-10,"Los Angeles Clippers","Houston Rockets",96,125,2017
2017-04-10,"Miami Heat","Cleveland Cavaliers",121,124,2017
2017-04-10,"Milwaukee Bucks","Charlotte Hornets",79,89,2017
2017-04-10,"Philadelphia 76ers","Indiana Pacers",120,111,2017
2017-04-10,"Portland Trail Blazers","San Antonio Spurs",98,99,2017
2017-04-11,"Atlanta Hawks","Charlotte Hornets",76,103,2017
2017-04-11,"Dallas Mavericks","Denver Nuggets",109,91,2017
2017-04-11,"Los Angeles Lakers","New Orleans Pelicans",96,108,2017
2017-04-11,"Minnesota Timberwolves","Oklahoma City Thunder",100,98,2017
2017-04-11,"Sacramento Kings","Phoenix Suns",104,129,2017
2017-04-12,"Boston Celtics","Milwaukee Bucks",94,112,2017
2017-04-12,"Chicago Bulls","Brooklyn Nets",73,112,2017
2017-04-12,"Cleveland Cavaliers","Toronto Raptors",98,83,2017
2017-04-12,"Golden State Warriors","Los Angeles Lakers",94,109,2017
2017-04-12,"Houston Rockets","Minnesota Timberwolves",118,123,2017
2017-04-12,"Indiana Pacers","Atlanta Hawks",86,104,2017
2017-04-12,"Los Angeles Clippers","Sacramento Kings",95,115,2017
2017-04-12,"Memphis Grizzlies","Dallas Mavericks",100,93,2017
2017-04-12,"Miami Heat","Washington Wizards",102,110,2017
2017-04-12,"New York Knicks","Philadelphia 76ers",113,114,2017
2017-04-12,"Oklahoma City Thunder","Denver Nuggets",111,105,2017
2017-04-12,"Orlando Magic","Detroit Pistons",109,113,2017
2017-04-12,"Portland Trail Blazers","New Orleans Pelicans",103,100,2017
2017-04-12,"Utah Jazz","San Antonio Spurs",97,101,2017
